RD Ratio, population
3.0653351387948544,55416
3.9535010049432344,208563
1.1202557755775577,25965
3.5928495197438632,22643
10.608372093023256,57704
0.3226628895184136,10362
1.316200215285253,19998
2.485640675911192,114611
1.3539823008849559,33843
5.780183727034121,25725
5.179786868339636,43941
1.319395303956256,12993
1.2445728291316527,24392
4.238249594813614,13492
8.38888888888889,14924
3.773247496423462,51226
2.291392543859649,54216
1.1120886282176605,12395
1.8966292134831462,10581
5.557797393862968,37458
2.71256764882742,13913
8.775871313672923,82471
3.13021778584392,49226
0.45095898955247155,40008
5.91499185225421,70900
3.2739449976292083,81799
2.1885908897403152,37728
3.1045410628019323,102564
4.937407952871871,16546
4.308602639963587,31628
6.548620236530881,26614
0.2091862206689965,8422
0.6647108130762783,14952
2.459755030621172,17164
2.898170095761828,104056
4.543543543543543,52138
0.8616779147782374,659521
5.622222222222222,13918
2.808038878201883,92318
2.9720299086125728,33244
1.6353456901891648,158991
3.086081370449679,92753
0.3586644817697665,10358
0.19262125189995855,18963
1.4286698166092737,356967
0.9316925271981452,19673
7.8722067039106145,29998
5.946875636067576,95157
1.3311169241111225,414836
1.3389791183294664,21530
0.5782951814416472,226349
3.3338088445078458,119012
0.3669892754381376,9574
1.3731117824773413,20324
1.524310379043461,33286
3.3611353711790395,22652
0.9616790226584525,58172
3.1773018711562786,210622
5.68990990990991,88019
0.3336146866427516,13040
1.7010241162867525,80103
2.460064503889205,40727
1.5025830025830025,206102
5.396344181899242,64967
2.5490278951817413,16756
0.40124740124740127,10986
10.591274397244547,23805
1.9726663228468282,18214
2.2167774086378738,20492
3.5202978621186642,41062
2.177923567792357,258291
4.17948717948718,37304
1.642369020501139,10996
2.443396226415094,5144
2.0314937012597483,27646
0.7302127659574468,10945
1.2196339434276207,22657
1.8904452226113055,14920
4.499762018086625,25264
3.4024896265560165,8241
1.737579617834395,23901
1.824482109227872,20937
2.176627840366622,105835
3.7209562109025915,62267
0.8309034416826003,49235
2.2942355889724313,17037
1.2935622317596567,7469
0.8599012123933543,11876
1.678087986463621,18651
2.008261617900172,122227
3.6584302325581395,17626
3.2521087160262416,12123
2.1210616298949767,97477
3.6673773987206824,18082
3.5006544502617802,44598
1.8519611978068327,21974
2.5989799171182657,33374
2.337037037037037,13377
3.448575399583044,37168
3.6381638163816383,13433
2.060644346178143,17221
0.5871763882704663,70016
2.5080545229244113,26176
1.7023346303501945,6847
3.217735550277118,16735
0.70835734870317,9310
1.9608626198083068,13705
2.579813886900501,12451
3.351051401869159,21792
3.529975168499468,72228
3.0982986767485823,16072
3.6870007262164126,16325
2.6428738591153755,43787
1.2431951610033802,42835
1.078582434514638,7169
3.5006802721088435,8879
1.730968858131488,8398
4.113018597997139,7936
1.2377314814814815,24098
2.878260869565217,10132
0.5691985088536813,18975
4.605263157894737,10832
1.6767838125665602,24023
5.459504132231405,20173
3.257368202573682,63779
3.082512315270936,8251
0.6845385278091679,393250
3.1635087719298247,17448
2.706424096021741,118703
4.6903353057199215,10277
4.916805324459235,7967
2.361211424819435,127793
3.052093023255814,16910
3.671875,17157
0.7926072934755644,26196
3.432296047098402,12539
1.8000705840832891,39887
3.4789915966386555,16628
1.251486252167451,228049
4.0795035873569905,79263
1.2032229185317815,6641
3.125,21552
0.43579862249918006,73112
1.6373029886861552,125770
0.6548522206416943,140908
2.0266824785057813,53556
2.431081490457437,37599
1.7326007326007327,9613
2.565250379362671,20317
1.0754498761474574,4242997
3.315498938428875,205249
1.182463220934774,110026
0.7514426345138487,1016206
1.5070375241346503,418540
0.3416323474354174,45985
1.9815519272849689,225562
1.1227094240837696,205631
0.1874962732676606,1647704
0.6635220125786163,1071
1.7342479674796747,37383
1.0909349467369944,226864
1.6893254070819332,45171
1.3354644603234298,21588
0.3691472067760188,1135127
1.473170731707317,27540
1.3515591748716058,185625
0.9214701601164483,979915
1.8884176182707995,28085
0.5553684425392937,136646
0.3967752134049953,180883
1.3464342313787638,18144
1.3779211618737064,884788
1.352193458378546,149785
0.9217948717948717,64116
3.4055755395683454,30870
0.3275397751574901,10137915
1.4470375668147255,154697
0.2023196768609348,260651
1.6607943625880845,17410
0.5171614771904417,87628
0.8458089311859444,268672
3.0238095238095237,8795
0.771513353115727,13981
0.40748922497026246,435232
0.45663392072168496,142166
0.9065991727884437,99107
0.849293137649494,3172532
1.2744598105504366,380531
1.5753722084367245,18627
0.9126302908785328,2387741
0.5954823061862599,1514460
0.6438805970149254,59414
0.8126341926999171,2140096
0.681907048654633,3317749
0.1103977365471462,870887
0.7608334911071265,733709
0.8360502214250567,282887
0.24469897076236452,764797
0.5367558929284858,446170
0.2843018830459675,1919402
0.23663790573457769,274673
2.324605539543745,179631
1.7437603993344426,2947
1.5778215592457079,43603
0.510451939604154,440207
0.3225197583321123,503070
0.9867593556850918,541560
1.4183078353478151,96651
2.2798660782224927,63276
1.2841151385927505,12782
1.2912862221540193,460437
1.5717948717948718,53804
0.6966079923044889,849738
0.3824143934997098,215802
1.7021011888305226,75275
0.85354627562998,498187
0.9567550505050505,16654
0.7389748255990294,637068
1.7010847730012053,12854
6.172661870503597,3568
2.0068846815834767,5861
0.31083670769354127,322226
0.7307731694828469,66529
1.1068510370835951,19058
7.125984251968504,1848
0.9384912959381044,9436
1.0752994865944097,8129
0.5238954012623985,3721
3.181547619047619,5694
2.5834378920953576,4602
2.8616600790513833,30442
0.249909799497168,693060
4.1233480176211454,2056
1.494190469087926,328632
0.6444040467910211,53989
3.774869109947644,25231
1.6681883051215893,688284
2.8561137440758295,47446
1.166532797858099,58887
0.9571603427172583,5931
1.3458873154564628,15008
0.6412786108918705,16408
1.7208121827411167,788
1.1496014714898835,6677
3.672514619883041,1357
0.8574447772986141,571837
7.978021978021978,1373
5.501901140684411,8195
0.79,7618
0.8150980392156862,55623
0.8964305088423565,339993
1.3986228003060444,14103
4.694235588972431,5643
3.945740640260445,21919
2.296450042943029,150083
1.4514767932489452,732
6.056064073226545,13109
1.9823979591836736,26999
2.630194924604634,41471
2.5907928388746804,28274
1.7382198952879582,18295
0.7911242603550296,4857
1.8063264697105341,17166
4.1077981651376145,4288
0.3483906616936041,17752
2.990622335890878,11922
0.9928788692073717,165123
6.424942263279446,6545
1.5415617128463477,11479
0.6877253906771738,24648
0.8245353159851301,6389
0.8113207547169812,694
0.34797297297297297,8017
3.801498127340824,2407
0.5329404335929278,30374
2.7008739780095854,24043
7.903114186851211,4908
1.6543199110510367,294932
5.356633380884451,10103
0.651202439647625,944177
0.6326730513411666,892389
1.3398935636108043,182571
0.8574361011786519,163329
0.7778596372316442,856875
0.8669282457784626,269801
0.8839791937581274,151118
1.1819434239529758,116192
0.044396536816499695,681170
1.1092152217590787,174827
0.5248887388355177,556987
1.5918787663047624,220251
0.6180708504710097,263496
4.87405303030303,27937
2.859052976163032,183974
3.0482216142270864,26926
1.519514745869065,579130
0.47265410746019787,1909632
3.7597087378640777,14423
1.8011429939259747,178465
2.388622886009225,143621
2.6972774416594643,208311
1.7278515285275922,365136
2.67916831161995,69299
1.7931401223078969,35800
4.584251968503937,16300
1.03159698861153,926255
1.5472563644640545,315187
1.5375938139640664,108310
2.3699654775604144,11901
0.44824596505268777,46006
4.625943719972546,17212
2.3571990558615266,13970
3.1020408163265305,15990
1.8109531332280147,14361
2.439683278993945,27360
1.3431670281995662,39290
1.8552077440442516,182835
1.9803368901416012,100917
0.8678489142424499,1376238
8.774647887323944,19487
1.6747939442011242,151563
2.229515901613661,48229
1.1111111111111112,13906
5.427184466019417,8617
1.6276818377877533,335396
1.5324994988975746,722336
0.5849395231465367,287822
2.702416028285209,39961
3.9047619047619047,8202
1.3752127056154282,18224
1.4307967241718966,375888
1.7384357145162852,349020
1.7634458518469394,158701
0.5355742962347072,2712945
1.1549422133094094,79077
3.1542999354779244,80622
3.027624309392265,201170
2.3632684037439917,40314
0.5919400204503321,1314367
0.5892105479146881,336015
0.7290091031229554,1443810
1.5771794928776195,512368
1.0232249161048657,960730
1.3416395009472444,666149
2.2049395161290324,72277
3.5398412870964235,170497
1.270506572750727,412569
1.0345986686992832,455479
2.0594604642516905,235087
1.051427887205891,306507
2.329636339534267,123996
3.6108723135271807,43794
3.221498371335505,22175
4.503944773175542,15142
1.3122443539565964,529364
2.4165133394664213,31893
3.745080891998251,65889
3.8168951791242813,24569
3.829846582984658,18428
2.6910919540229883,8273
5.528830313014827,11372
1.1923076923076923,3150
0.9655994978028877,45144
8.961988304093568,18397
3.2074468085106385,77126
3.6420039005363236,103807
1.7797902764537654,17243
5.195004803073967,18993
0.6569816479073961,152760
3.3976234003656307,12970
8.983844911147012,18355
1.4692492012779552,15687
2.6216957605985036,36230
1.6427598729005901,74722
0.9494714587737844,22688
2.617692907248636,23817
0.7037351443123939,6324
2.0776124450456543,53008
2.601173020527859,10910
2.413701497343423,116261
4.374082616900818,66398
2.9382470119521913,12497
0.7398386385979185,289082
1.2580101180438448,10922
4.005583126550868,24824
3.1984684362972664,241689
0.4299993223554923,124707
0.812051649928264,3020
0.15466090530642357,279462
2.5167883211678834,6829
0.9572564861745371,748150
2.3410757946210268,43012
2.8589595375722543,45708
2.2827758044849706,147450
2.3829908675799087,17167
2.5653511947863867,140526
2.559548978153629,12322
1.601058201058201,22721
5.230051813471502,16257
6.842105263157895,23604
1.4641812865497077,26822
0.198765530190565,740321
2.7347494553376905,20563
1.043548387096774,13763
0.4403634171546676,90017
0.8008459526653967,142224
1.1787528868360277,10339
6.448717948717949,3962
3.6827458256029684,58712
2.101715197447148,19143
2.1907110563090835,22635
2.127433628318584,10670
5.011458333333334,24900
1.5065147280154805,111627
2.6344910704503124,96560
2.97951082084774,221009
5.674979887369268,22320
0.39156363636363634,1023336
5.352941176470588,29733
8.94927536231884,3006
1.8301243823479298,84502
4.7767632241813605,56904
2.012312811980033,24808
1.7182216656230431,17003
0.8873157521673543,907135
5.309706000805477,44246
3.1994675911595367,196637
0.3120593692022263,8640
6.498643147896879,29042
2.9228319451249387,33652
2.8203639179248934,25553
4.535666218034994,11487
0.9146126407759209,221768
1.573953695458593,152122
3.046067415730337,9422
4.867755650033565,64615
2.819300518134715,13654
4.5527192008879025,14877
0.8025728537673931,15916
1.7075812274368232,8849
2.2174295774647885,9505
2.096969696969697,28623
2.286281429201588,18469
2.4645962732919253,10399
1.840730295383702,47516
3.361023373341756,29337
0.642639806945756,62570
2.1707317073170733,7828
1.9343657817109146,18437
1.4580539208977692,114628
4.337996389891697,31445
0.5693160813308688,13450
3.7948823772183244,28824
1.583676834295136,8524
1.4685050013517167,21490
1.515230635335074,13927
1.3726315789473684,21074
3.035369774919614,5926
1.2233676975945018,22459
2.4708683473389357,27306
3.1499409681227863,9060
2.467644845748683,18170
5.747637576431351,39315
0.6792838745517903,197485
0.9530908096280087,106999
2.4528840662478584,36838
2.527063969382176,14921
2.479782270606532,155825
1.0633484162895928,26655
5.893272635306019,30832
6.977851605758582,19171
5.870056497175141,17941
3.84421935033182,41776
2.2065217391304346,11251
2.3737704918032785,21477
1.2472885032537961,2335
4.356895356895357,16559
0.7952410770194114,7177
0.5017964563615086,201647
0.5801516849090752,89355
3.6708229426433916,5098
1.4369565217391305,14044
1.9755480607082632,8468
1.6728362041296674,64806
4.186376021798365,25751
0.6598360655737705,5705
0.9556159420289855,30389
0.5977011494252874,6171
0.6403669724770642,1593
3.034564958283671,25092
1.5922779922779924,8232
1.8651942117288651,15965
0.8257609175121305,8967
1.5725693471560662,45248
2.2302158273381294,40828
2.8280581693755344,27196
4.458540630182421,11391
2.1023255813953488,6637
1.6299885380848183,70005
1.6846339501206757,8030
1.03248730964467,8171
5.019877675840979,22928
2.0996830884471334,26335
4.495134108711132,67896
3.75564681724846,90184
2.4761350407450524,35738
0.7547600913937548,5442
0.9882971101026988,20457
3.9955860716037273,30104
1.3375796178343948,2599
2.1996904024767803,7978
5.831937799043062,28884
2.714700315457413,104589
2.460093896713615,8761
1.393167028199566,9805
1.2319070258848388,9104
3.0491315136476427,20748
0.4241601628775025,198449
0.5141145791817074,992605
0.4602576567817209,72029
0.40159502972012306,165386
2.179236912156167,7092
2.465486725663717,3693
1.6903279369032793,13884
2.2233866519580805,12462
1.9786839666357738,5678
1.7607020547945205,25699
0.8555270886708742,132904
1.351821642196846,26532
1.3458590390727239,24798
1.3877962682803833,20992
1.7169414240617327,20332
2.2736939435968564,14791
2.482808022922636,9846
2.005143721633888,20437
2.4434737923946557,13157
1.4742873113471213,18454
1.1771341463414635,43070
2.4988066825775657,11508
1.6515017667844523,12023
1.849624060150376,9309
2.6135351736420303,16333
1.6406056860321385,17590
1.116082944736581,47309
2.321410579345088,16940
1.2315157706550888,84516
2.7879098360655736,8860
1.9117402164862614,8141
1.9242219215155616,17327
1.1590853509415504,39739
2.2100950508030155,17243
1.0267849301835426,97003
2.301622418879056,9658
1.5250954719039826,20054
1.3758262511803587,15873
2.1161073825503354,10170
2.5036496350364965,6950
1.6700236966824644,9011
2.4450460205739035,12313
2.094767441860465,10625
1.6390423572744015,15076
2.5107458912768648,10835
1.8857245854361933,17226
2.3042863871879415,14149
1.9896444597859855,19773
1.55973715651135,9332
2.8489208633093526,9487
3.352272727272727,6985
1.6915309446254072,16311
1.5170706280948658,19472
1.4850872256612269,36708
1.0097244732576987,18090
0.4203476032197349,146547
1.5130987033606775,20439
2.675889328063241,10119
2.228944246737841,15114
1.414366424535916,34615
0.8239086198936406,221661
1.862446743761412,11142
2.324433656957929,8647
5.657579062159215,11754
2.0015003750937734,15848
2.8411358403683806,22181
2.0003656975681112,33189
1.1970352879443789,40312
2.4278846153846154,14972
1.6923895689196382,10763
2.5040192926045015,8898
2.5023741690408356,7870
2.6150914634146343,10225
1.1527040077257364,42940
4.364535768645358,14020
4.579710144927536,6064
2.7068295391449193,15391
2.207168458781362,9047
3.3561501042390547,25200
2.7983367983367984,6886
0.7806486116101645,474045
1.593181670034548,93582
1.155430711610487,18533
2.4169986719787517,5068
2.909377462568952,9876
0.969753362116024,172474
2.6318981200727714,11800
6.44866754041066,34898
0.761849710982659,97090
1.5554164057608015,17319
2.7920529801324503,6216
1.8338541666666666,12420
2.9940688018979835,7271
1.557860847791093,34982
1.4244528010799344,49691
1.5667851701371254,22281
2.877607788595271,6452
1.5968536469092642,36769
1.7901041666666666,10631
1.0179457808323789,20561
1.529437336976773,102779
1.6040709126723571,7572
2.005291005291005,12779
1.2388075479676515,444028
3.7493975903614456,3900
1.6611873912202668,84377
8.63921568627451,5945
3.9756410256410257,9092
3.7301641586867307,45201
0.520573566084788,21791
3.44015444015444,7124
1.9883268482490273,42536
2.9898096304591264,112232
4.061093247588424,11681
5.7125,2501
3.727272727272727,1072
2.802553497572379,211698
8.394833948339484,6887
5.742277992277992,23504
4.613636363636363,860
4.051136363636363,8497
4.161592505854801,4096
3.2061742006615215,26018
10.132467532467533,13406
6.2841781874039935,12943
4.865744507729862,17184
4.024731182795699,15185
5.385451505016722,16156
8.64344262295082,27839
3.4704770902220123,22994
2.7329685194294147,154311
0.8964537254417397,39196
4.107776261937244,7723
4.451851851851852,3853
3.2888888888888888,5271
7.444629475437136,39048
4.187660668380463,20616
2.2160314830157417,40369
8.320652173913043,4343
5.164128595600677,11389
4.827354260089686,23026
2.3834048640915593,7654
2.3822254335260116,12452
1.001854427445526,10960
3.0775862068965516,83514
1.519079979090434,10496
4.230670103092783,10172
2.9781213153412813,66578
1.185419968304279,6478
2.3639883833494677,16824
1.3696380697050938,53503
3.738947368421053,6762
1.5414309484193012,33359
2.3261163734776726,4894
1.816988100123102,14539
1.9888682745825603,12676
0.6687930132410351,208419
2.6423907584128576,33309
3.000533902829685,15938
4.939842209072978,13300
3.1464838791571466,37729
1.7824296499656829,52343
0.2879878213926371,5203499
3.1213814118842054,19308
4.085603112840467,10858
0.9362590918026341,104528
2.659674882013634,16226
2.9265159301130526,19630
0.7386774772021447,929368
3.168728908886389,17566
6.4282407407407405,6523
4.432758059264083,34386
4.058985667034179,21789
3.173049645390071,13575
2.780938229675228,39156
1.386400784570121,35536
2.9603658536585367,5212
3.4434276206322796,13093
1.672734073058222,50437
4.00625,8061
3.275802752293578,18508
3.9379474940334127,4024
1.8705473501303214,6869
1.5803056027164686,49280
3.8974358974358974,28334
0.9371718736552199,58870
4.29978354978355,9536
2.6499546279491835,38460
2.8945005611672276,22025
1.3730907457322552,21770
4.091629955947137,12902
0.8259163488917285,531715
1.3264755658980325,110008
1.0324897400820794,124695
1.0723412818190965,50938
0.6457612405313166,703047
1.3627120402552264,110642
3.5069875776397517,16377
1.56337515911984,34251
2.546067415730337,36526
2.474098757952136,29527
1.470649607380155,106550
2.1729944886711574,45908
1.3965154164017801,265759
2.7598676435830773,38140
2.116591928251121,11939
2.0174302788844622,13507
3.115112540192926,14658
1.286282682834407,30996
1.1887107827569492,307004
1.0323793084247452,172418
2.3396017699115044,12516
1.5681149950996407,15730
2.284317276349149,34068
2.468767908309456,28952
1.9305348391220967,34277
3.0169376693766936,14827
1.7874143302180685,51273
0.9429159098194252,185006
2.801479654747226,21357
2.135586783137106,16560
4.0715297450424925,15950
4.4866310160427805,4157
1.937576499388005,5619
1.541557305336833,5611
2.920783396667641,32621
3.6326789107029764,15930
0.8360406720813441,144784
3.2332418659349274,24307
1.2232206427536765,197499
2.3491620111731844,6923
3.721590909090909,5053
3.602018429135586,21717
0.8886507145230974,262759
2.375668449197861,5776
1.4400478024166776,45624
1.8776740567872423,134385
2.4194223524487235,17212
1.8815309842041312,78111
3.524432809773124,11492
1.430439155212873,17378
3.8492392807745506,14154
6.644083969465649,16396
3.9936260623229463,14292
1.1446615174920491,56536
0.8871367024550366,689529
2.51821056329781,67560
1.0252305352219793,285873
2.6006314127861088,39140
3.441113490364026,35232
1.5175292455905256,370404
2.0970429834366424,81402
2.9988372093023257,8650
2.6942880128720836,12149
1.9304586975739122,64653
1.9916600476568704,14912
3.317292437863564,19970
2.5803618946248004,37946
1.5971475706455218,116031
3.6981786643538594,26309
3.025895707697765,32457
2.2773998488284204,10539
4.747222222222222,32969
3.708785582633627,49331
4.001885902876002,26598
3.0586145648312613,42746
1.3379558011049724,115603
2.480051957691594,42552
2.0230318865824746,203781
3.036856127886323,23331
1.5371977903723366,76990
3.8353658536585367,16486
4.4051855617691915,22715
3.066326530612245,20139
2.9782258064516127,33703
2.4198321240574763,66937
3.508023216114715,32211
1.525832838116545,316373
2.8142905291540274,73717
2.7204773869346734,39826
2.1387917680902855,160610
2.7117486338797816,48521
2.111012037449844,82568
3.3225898459783227,36400
3.3455633619568044,44013
2.8182637428657253,33433
3.015881418740074,21046
1.9741040462427746,32418
3.478003384094755,27758
2.6247834622935673,151982
2.936638388123012,37744
3.7884645856441135,79092
3.3774038461538463,39110
0.6464293046810841,485846
1.1456428391007831,110015
3.3334916864608077,45518
1.7411132024737832,129296
0.612330493332581,941229
2.5606502709462275,46556
4.194097616345062,10171
3.606290672451193,35883
0.6005031740923851,145496
3.2870315288518737,38074
3.9209872453205232,69698
2.9037776193870277,13924
3.1244877049180326,47638
3.087463556851312,5932
2.83203125,19335
3.160842754367934,20840
3.374739764052741,16800
1.48791639451339,18966
3.3909020817270625,12431
1.1547224956010855,167791
2.3877667140825034,25476
2.904295403165034,12660
3.1695470798569727,37436
3.072363041700736,25082
3.9684338324564954,28846
3.4701639344262296,16649
2.299015897047691,23730
2.994584412526489,44324
2.297098916462775,20648
0.9956361130782628,269141
2.558055443953395,23009
2.707030205827319,34116
2.9048745858968292,20802
2.750537634408602,10527
1.128790384827434,188059
3.5217391304347827,15182
3.4195804195804196,7212
1.4285411365564038,181721
2.1677078327727055,15645
1.376962693129004,107931
3.253479125248509,31762
3.4517282479141835,8166
2.1057671142416905,62498
3.1130500758725344,27670
1.9259793318913723,66568
3.8680851063829786,27949
2.6582130316035895,23999
3.3610535661438297,33449
2.5572246065808297,12714
3.5879699248120303,7827
2.0436793422404933,16380
6.483985765124555,4688
4.260010970927043,26775
3.3032159264931087,14617
3.3658823529411763,9684
2.8942826321467097,67025
3.0798722044728435,2669
6.576271186440678,3374
3.071465033180194,20246
6.23404255319149,2661
6.889830508474576,2072
4.257142857142857,8143
3.838709677419355,9150
4.15855354659249,8433
6.911764705882353,1862
2.332945285215367,35753
1.6575829383886256,39164
6.853932584269663,2832
3.732616940581542,19064
4.453767123287672,7664
0.47552261623849246,119440
4.966346153846154,2938
6.55,2547
3.113900337204946,28893
3.753398058252427,6328
2.047571523619428,36722
2.4576771653543306,33971
2.4832096147048426,25560
1.6021798365122615,35586
7.563758389261745,2589
5.475675675675675,2564
4.110070257611241,7646
6.424124513618677,6034
6.301204819277109,1296
4.433884297520661,6151
6.052631578947368,2536
5.025773195876289,5685
1.6985617259288854,34913
4.434210526315789,4006
6.814516129032258,1870
2.61114842175957,13291
2.0587998389045508,18897
6.688888888888889,2901
1.0600281815015358,584451
4.678571428571429,3917
4.220538720538721,7467
7.702702702702703,2483
2.341987466427932,20444
6.576923076923077,1636
1.7276430842607313,80204
5.457943925233645,3073
4.68377253814147,9558
7.543624161073826,2831
1.4259425493716338,33510
3.3372982158028885,12112
3.0660377358490565,9836
2.641218975808985,28804
6.747572815533981,4216
2.4915168397062546,32964
4.724946695095949,6243
3.3109112240907312,32746
3.054607508532423,5573
6.689655172413793,2848
5.69467787114846,10241
2.9644808743169397,16146
7.6,2962
6.527075812274369,5493
2.724277456647399,15843
6.220779220779221,3642
5.3325471698113205,5920
3.3015873015873014,6743
7.4324324324324325,5428
3.4007302601551803,23661
3.672301690507152,9584
7.55625,2549
2.2638680659670163,63220
5.386486486486486,4699
3.970059880239521,9831
1.104026090868196,73343
7.322344322344322,5076
5.185022026431718,3058
5.60352422907489,6988
2.1970742932281393,55142
7.896551724137931,5032
1.518661190718868,511995
2.028839704896043,22709
1.06248872858431,178146
9.412698412698413,2509
6.008823529411765,5965
5.5423728813559325,3632
4.900990099009901,4208
4.393939393939394,2062
7.274418604651163,5584
3.3565473271211377,23272
6.06423982869379,7892
6.274611398963731,2872
3.0504527813712805,6891
15.8,1497
5.650793650793651,5546
5.503597122302159,2112
4.994545454545454,8723
3.937037037037037,3165
0.528862536631909,163831
5.016628873771731,19280
4.793180133432172,20631
3.129081245254366,22158
3.8737745098039214,8054
3.1539181286549707,43993
2.2645113886847907,12327
4.513953488372093,27117
2.600958338879276,128536
1.9953421712647796,20030
2.2572662348447103,48132
1.8780658724597057,30018
3.8453900709219857,8400
2.596616785946649,13284
3.3081632653061224,19961
3.1750454270139308,79151
4.675818373812038,12845
3.576984126984127,12568
2.1829858917666876,38437
1.7089643880474825,92211
4.847222222222222,4855
2.3399638336347195,10679
3.3334797891036905,27046
7.147327249022164,15815
1.9627156371730663,72351
2.2758181045473864,35819
7.7938829787234045,20766
6.963436928702011,10177
5.332252836304701,9188
5.450980392156863,6738
2.0410223822636446,99674
4.223697650663943,12114
2.7027027027027026,7588
3.8231046931407944,14307
0.8153233203393717,318449
3.5029673590504453,14507
2.987048567870486,37110
1.1028272837547821,50560
2.001291989664083,6179
3.2616822429906542,8609
4.063317274604267,17292
3.805235602094241,24923
3.8304111245465537,37182
4.195507912200102,26184
5.2548076923076925,11060
2.7848528702363726,35893
2.2411575562700965,8810
1.9341652323580034,107316
6.653790087463557,27168
2.6760216642048253,18646
3.0751445086705202,18627
1.81288206351573,46253
2.7045951859956237,15818
3.690423162583519,4627
3.5445475638051045,45904
10.143153526970954,13368
0.7533538758227477,765352
2.5185546875,52357
6.4344,22978
1.7741708999297898,164945
3.4995983935742974,15544
5.613287904599659,31687
3.7550860719874803,14096
5.986046511627907,60250
4.608612440191387,15863
4.844594594594595,6580
10.0375,10538
4.729571984435798,22773
5.557961783439491,13442
3.9345844504021446,24372
4.024802705749718,9269
2.823230490018149,26593
2.6688995215311007,8069
1.9868566098533027,89547
3.262798634812287,12684
1.91190742814483,19205
3.355664488017429,31365
9.650137741046832,12002
2.5096446700507613,17190
2.2743595358003064,65162
7.548192771084337,17511
3.422064777327935,9475
2.8618638466622603,28126
2.8714285714285714,6408
3.231732776617954,21477
3.576844262295082,10018
7.118136439267887,10588
2.487650411652945,27771
3.606361829025845,13298
2.870721271393643,31028
2.087348461299347,45559
2.4866581956797966,7084
3.8182692307692307,24378
1.9934748733930658,65560
3.5263653483992465,10642
5.7578125,4491
3.9553264604811,14560
3.8192883895131087,27343
4.615384615384615,60555
2.7617924528301887,12308
5.442015209125476,63956
3.418918918918919,2155
6.130054644808743,16850
1.570257966616085,24451
6.2790484903934125,17722
1.9515104369246725,53972
2.102613129381772,46408
2.3680037313432836,18083
3.7459656428943258,18274
3.2589110849980414,25397
3.4664107485604605,12295
3.105229993698803,14264
3.1524459613196814,8620
3.5319308790383173,14880
1.6900271130496287,125532
2.826056338028169,12189
4.451432564640112,20453
3.545967741935484,13316
5.472665699080793,36096
2.395750332005312,7159
1.5524405002016943,26124
3.7529265697055694,62645
3.2606837606837606,25684
2.193855867889017,121587
1.7079623505469346,22695
2.2184022257551668,41117
5.114082741328876,36927
1.2003835091083412,13865
2.8051115682861214,126057
0.9163486005089059,248851
2.060700566690754,200601
4.850253807106599,10087
10.08049535603715,6882
2.6316187594553706,9921
1.31947000368053,16132
1.6729828850855746,19920
1.5624636839047066,27149
0.8238650193260703,447037
0.5761697497279652,7271
1.3149940968122786,19683
2.461264258555133,33709
2.599361532322426,20330
6.270956816257409,22365
1.9539166199289586,73273
0.8793849111004325,32920
2.4165497896213184,15808
1.3637748164264345,436523
3.4983766233766236,31413
2.0836949214691685,241398
3.794135106256678,98305
9.644628099173554,15052
1.5152069839481836,47745
7.021151079136691,140138
0.702259475218659,11528
1.2612997090203686,26071
1.25507489850203,39162
0.18132299208715338,391495
1.7081081081081082,156983
2.0615476546160743,23464
1.4250629722921915,22159
2.0097172180369034,132424
1.2337461300309598,8550
1.9911308203991132,20430
4.625366999412801,23977
2.064151704660077,45688
1.9420425333021734,52923
0.7447062332239786,10512
0.8501090682455593,21557
0.5979617633117396,43631
1.2764993026499303,83883
2.0411323493830147,54007
1.7829813664596272,52093
3.280199162938375,253602
2.011559665658901,130710
0.8878856282919488,4597
2.9913728432108027,113220
2.9624674842066145,22487
4.174288724973657,60205
5.054784240150094,50569
2.20597539543058,46310
1.8434254673270491,39710
1.286882199925678,25795
5.5524475524475525,11114
1.5086782376502004,15344
2.8027997565429095,14376
0.7516473084654903,214276
0.3858291226458429,126903
0.82099844067106,558324
0.2967138402494603,17246
0.6154017461493362,779018
0.4237761089909311,70382
0.7091639244694642,468467
0.4047680129003885,161816
0.42474932160127643,1589774
0.45656370656370654,11008
0.5438394735521086,697181
0.8572346594135757,513565
0.20746065701540553,784230
0.79714497326583,819589
3.0045011252813203,72130
0.9865172217723177,568346
0.6915702845800978,831026
0.12727231997849486,614664
1.4805927170196171,91251
2.4016546570589807,32850
2.286460475446245,167656
2.179985771875741,102603
0.5245641838351822,157705
1.3938542581211588,32258
1.088281204833208,247591
4.524422735346358,29425
1.6953405017921146,251032
0.4774859287054409,317233
1.1005265677357587,19730
0.2679000907150997,1043863
0.09339119399796574,908049
2.2158283214871513,48929
1.4512055109070034,25928
1.7033447358418852,112587
1.283916083916084,37278
2.023758662012192,150292
1.2759233172046303,102577
1.811453945121257,51444
1.2269423286180632,107319
1.4516707782013905,67959
0.5605187739835819,292041
1.1284102271104128,30001
0.8494443409697647,54419
1.083868104860732,120569
0.7353697749196142,39744
0.9498095889073332,34216
1.332073611567532,57217
1.2670869883040936,151806
1.7440284054228534,16843
0.8712426257140181,35273
1.6495820501539815,50915
0.9938709059567132,39364
1.4213589178987103,31450
0.902557856272838,202343
2.4255196304849886,10352
1.5544197233914612,9219
1.8855677002007585,115548
1.8638507279065,28704
1.904001798561151,23144
2.1018766756032172,15122
1.8667820069204153,8503
2.107476122516193,59702
1.3089506030220415,104747
1.348344693281402,17572
1.3102115541090318,154010
2.3259493670886076,43427
1.3036764097043967,134386
1.9588720770288859,51599
1.6885341639088962,26174
2.01766620176662,25401
1.6957976943101525,37724
2.0016470588235293,30358
1.3120072771376592,77888
2.0635071090047394,13744
1.727880578448142,36202
2.187101707876625,25535
1.1252955082742317,109160
1.5226620768789443,33182
0.8192595188040177,408615
2.1412756984712704,25122
1.374017094017094,15243
1.307574890288113,92084
1.7436893203883495,41202
2.936861846217962,45774
1.4082751744765702,36555
2.321249181043896,31481
0.5457879063815125,288051
1.9953692420180356,64232
1.9208103130755065,25327
1.8338323353293413,11195
1.0819010873377761,71282
1.5426633068424114,158460
0.7600458729260373,261654
2.7261956998683634,17263
1.067779485736142,642173
1.5445920303605314,2199
1.629190304280557,11496
2.358803204020732,88340
1.0686448184233834,21765
1.5777910447761194,98504
1.9100878468788178,188624
2.57856093979442,6358
1.7937649880095923,10820
1.2743505940830013,867730
1.3888330990158666,24373
0.9129784316170053,66435
1.6104904374171558,28876
1.7684915050626395,43221
1.8943204294998588,23281
1.5251996167358672,83462
3.4415335463258785,15102
1.6104471499311217,149208
2.1471932943865886,62974
2.720062208398134,9173
0.9814956331877729,173408
2.4426915647134577,47938
0.8429948451203583,1243970
1.819280140951422,26027
2.253135313531353,20904
1.7608510638297872,5911
2.712014787430684,23110
2.7231800766283527,8264
2.324521934758155,24470
1.954706543348604,282250
1.8691666666666666,12762
1.8989969675763938,23700
1.024191913503773,192326
2.7592858608659965,41409
1.8670562454346238,8001
1.5327966844664063,68554
1.9984115993972222,159587
1.9771550006640988,60853
2.324969971973842,53338
1.3493739628903303,75223
0.39316539738332357,364709
0.4420421673019956,1749366
2.254283137962128,33163
1.7600510529674538,15583
1.2363210108743161,345957
2.089093701996928,33734
1.2411372007366483,46106
2.2822695035460994,39992
1.744842562432139,5050
1.0858746881064596,66441
2.314111081583843,25331
0.9645390070921985,35738
1.350985679747071,100262
2.016973125884017,28993
1.9029322548028311,12133
1.9873908826382154,54748
1.044319408046863,62875
2.659090909090909,8827
0.604602510460251,5286
2.192491060786651,11470
2.0294117647058822,63940
0.9036108516022531,417486
2.104126370083817,20506
2.242813553878272,37456
2.1639572689270783,13935
1.6195764462809918,21003
1.4580367488826353,30446
1.4864492907050604,46676
1.868659420289855,5956
0.44671696759480345,1232483
1.354885404101327,18814
2.118006993006993,20718
2.4107142857142856,39025
1.4331669439822519,45242
2.418900804289544,9944
2.247529007305544,15830
1.7595650977153867,42495
1.6391251518833536,4333
1.5477016478751084,12628
1.7632590315142198,6715
0.9528761780955476,10625
2.7848101265822787,3814
1.9861561756435215,27591
2.244186046511628,5783
1.8969934640522876,25699
1.0655913978494624,5465
2.6187755102040815,9324
2.58397365532382,19829
2.441743672157493,35842
2.5385338345864663,23110
2.2485845241304934,25866
3.5537530932086883,32821
1.1856528747984953,39163
2.2965250965250967,8329
1.0697438498605123,33575
1.9388949871935601,21848
1.3441455696202531,6579
0.9835107263001158,153102
2.242103008887461,58085
1.8639328984156571,14235
1.7884279475982532,28874
2.961845607808341,9202
1.9055602716468591,31660
1.8010446343779678,11049
0.40003617270204433,540649
2.112962962962963,4007
2.7223105458399575,15263
2.309872461029759,14660
1.0687123363579691,65622
2.251274581209031,9564
2.9369612068965516,15626
1.401585853624307,143680
2.3346868185577865,93528
2.6576253838280453,14827
0.7725769876577403,199980
1.8618963831867057,155652
1.7948389164930276,36805
1.3232514177693762,9693
1.764145324597975,9419
3.048868127919511,24233
1.6640253565768621,3356
1.8078116916709777,21273
2.8723277909738716,13761
2.102536997885835,18911
0.9603941209790419,253117
1.525909592061742,10908
2.3840985442329226,6358
1.066514165053669,50948
2.1279504327301337,132550
2.2191601049868765,9935
1.7221745350500715,25359
3.259168704156479,17350
3.8059149722735675,5293
2.719516945851188,26021
4.216605166051661,35732
6.236477987421384,11908
3.7105751391465676,16417
3.5632411067193677,18839
6.846808510638298,12052
0.8800642773665758,176594
1.7747710241465446,88938
4.49505928853755,42739
3.860215053763441,9062
2.6166800320769847,45078
3.553123671908202,44497
3.1812706660368444,78913
4.671140939597316,8913
5.327981651376147,6168
2.2277267818574513,102845
4.96930693069307,14016
3.31981981981982,7516
3.6379776601998826,84401
3.3950276243093924,6723
1.2688238679120003,239085
2.744167962674961,20610
2.256349133583937,76631
2.910455486542443,17712
4.234649122807017,24302
4.998430141287284,7631
4.638080251770259,16448
3.7849315068493152,8209
4.296116504854369,12613
5.724948875255624,15387
5.57520325203252,13358
3.4008474576271186,30535
2.87057297998217,102838
3.7327188940092166,14808
3.8082644628099174,6661
1.8251650943396227,288690
4.438461538461539,10165
5.165505226480836,8556
3.00169779286927,21594
3.483267716535433,9269
5.566473988439307,4448
2.562157935887412,10058
4.822222222222222,40210
3.4008574490889605,10022
0.7010438362355931,691801
3.3183151916706106,119111
2.186426171305395,224226
2.312964213369345,53942
3.728232189973615,3934
5.046795123869446,35490
2.7123795404002964,32618
4.5148378191856455,38381
3.583065380493033,10134
3.256788347419529,55267
3.2962066182405168,12164
3.8569169960474308,15235
3.8168642951251646,15170
4.081592039800995,12443
4.482367758186398,8858
3.1466755763448044,28894
4.965387509405568,22620
6.87962962962963,3699
5.305714285714286,25206
2.4691358024691357,13799
4.320129345189976,16018
3.7033997655334114,8558
3.6887298747763864,11620
3.8218325791855206,20213
2.72633212622866,17915
4.119085805934242,58694
2.5223408461842625,22670
4.240462427745665,10789
5.856713426853707,13664
5.026243093922652,9237
2.0369989722507706,17073
4.544078947368421,19285
2.959740860712633,42213
2.667296786389414,44608
2.920265780730897,18438
1.3203806502775575,98309
3.967680608365019,31285
3.3824537354352295,52654
5.5,4853
3.4876977152899826,10224
3.2978537012702582,24989
2.3001943005181347,22754
4.448148148148148,6455
5.445783132530121,13817
2.144599928238249,22980
4.251412429378531,4394
4.178082191780822,4932
3.6843872411863456,38745
3.8221649484536084,8168
4.1650165016501655,6082
1.7720630267497253,390918
3.7403846153846154,9272
2.79472,66627
0.7088113192768082,998581
0.19983840294816085,311404
2.1633858267716537,18030
5.914041644420715,29588
4.556133056133056,31047
3.581749049429658,6262
4.176780398442867,54735
5.13599537037037,25775
3.8253223915592027,20723
2.8375478927203064,33802
3.6588785046728973,24839
4.9048625792811835,13139
4.043176804286165,38106
4.143589743589744,2024
5.748713550600343,18286
0.7404999277561046,31248
4.402757078986587,37304
1.5930059523809523,12458
1.5061468212153144,18934
1.3076474022183304,8264
0.5054696789536266,32737
2.314225053078556,14610
2.2900485436893203,10255
1.1309947930939983,17246
2.3063439065108513,8242
0.16409036860879905,9139
1.9906103286384977,15888
0.7262510974539069,19850
0.38037002195045466,23809
0.8989198774786393,28482
1.65993265993266,19569
2.119193645686708,175611
1.3440688492591606,75979
1.8252889191026513,7782
8.540967423494571,23695
4.5073221757322175,13408
1.3543091655266757,21275
4.132530120481928,46791
1.9203056240630592,203234
0.3838298265611041,241229
0.19776632302405497,17999
0.34841628959276016,8513
0.7544303797468355,1294
7.622727272727273,23529
2.3843508825552076,141241
0.9232882986031601,16578
0.14653880731195684,7297
0.6629032258064517,11385
2.591120289106866,67953
0.6289352670675628,9896
1.3644578313253013,53796
3.666336241078509,60914
1.6108157653528872,77755
1.8670334708849152,12749
1.3341715563006427,22620
2.251686559418786,85381
0.4129099895162498,29856
2.366532077164648,34523
1.1367691641403206,59602
1.3948687220830156,105114
2.15481522956327,25251
0.8213746223564955,35801
1.8426618049225159,35873
1.3149295774647887,10187
2.853448275862069,29403
2.326010200078462,21558
0.27274826789838336,11038
0.977072984333206,49833
1.0097260273972604,34164
5.3203151764302845,55310
3.389344262295082,12245
1.0146673651126243,39667
4.447479981158738,31550
3.699564586357039,25256
0.4333478072079896,7349
3.359871916163307,150228
1.4358589647411852,28207
0.47984496124031006,4552
1.90984241797985,26912
3.6777221526908637,15909
3.4357142857142855,18012
0.4219512195121951,26407
0.7377884327240036,14394
1.9413774973711881,28201
3.9723451327433628,22190
7.188888888888889,19491
0.3259604190919674,10234
4.652615540883697,28311
1.3632323232323231,14599
1.1058934022070908,47140
0.4611556819335838,47231
1.7054108216432866,20480
3.9450549450549453,9767
0.46178343949044587,9047
1.290100582318687,18160
1.3076923076923077,12471
0.8749281746791803,27264
2.9085201793721973,9401
0.8893740902474527,13343
1.0606571187868576,6601
4.114840989399293,5747
2.044407894736842,10460
9.67142857142857,1203
1.6048286733593295,81755
2.299039780521262,5759
3.1040955631399316,11924
4.365269461077844,1755
4.195928753180661,9327
0.8602576808721506,9085
8.285714285714286,3120
3.540969899665552,11413
2.2730295473437616,98082
0.9782654215000628,104502
19.205882352941178,1310
0.5195058517555267,13694
5.140845070422535,831
2.526652452025586,3368
1.4663829787234042,16542
2.0754430379746833,11853
3.7370689655172415,1940
1.5847331490537955,29758
1.162863722001256,67282
3.3902439024390243,2409
3.2941176470588234,19259
2.7914893617021277,7924
5.571428571428571,1700
3.81151832460733,1827
2.566990291262136,4184
0.7058880936890045,116130
5.924471299093655,4589
1.3836978131212723,16114
9.2,489
5.444444444444445,4133
2.423337856173677,6084
6.929133858267717,1746
3.673952641165756,6858
5.55,1182
2.3796626662341875,42088
5.807174887892376,11482
1.1449468085106382,11305
2.281733746130031,9287
3.524360033030553,11534
2.5987394957983194,3648
0.7316559391456993,34553
4.015486725663717,9406
3.969849246231156,3623
2.679950186799502,6056
3.7468671679197993,4977
5.932203389830509,692
3.044018058690745,7539
3.899441340782123,2117
8.363636363636363,1093
1.831462802481413,158437
1.3063755637556376,159688
3.686933333333333,37428
2.914615384615385,10848
0.7744165946413137,25448
2.690736478711162,26924
3.7281437125748504,17516
1.6643292332452007,47526
0.5955113928387871,19854
1.212220481412904,33741
1.835878357918415,126953
0.7384736512003416,256088
2.3550777676120767,88851
1.5186030586624057,201590
3.1535166012138522,81449
2.7859399684044233,10418
2.674688965939221,68890
1.265772697296109,22910
2.283230403800475,156459
0.8119123753161839,72243
3.8131007475970096,27905
1.3433389544688028,14383
3.2507396449704142,10915
1.9061493018259936,97144
1.5767990212434657,56505
1.5763400263142842,103445
0.7173971612098181,327127
3.150399444251476,25809
1.5938691905636388,35964
3.051131117266851,164926
2.965187452180566,42013
1.4825524646168864,58969
0.23470530294739148,306212
0.5088533927686973,53318
0.8086778825361128,371511
1.2739052376863633,64705
1.9839584274740172,216965
1.2024462252214256,11478
4.283837056504599,8558
1.0524674514695564,59031
1.2207282913165267,21168
0.6587472710190674,521330
0.5724331926863573,51766
1.6580354972039875,130881
1.809487228730555,60682
1.8071094385679414,114209
0.44742956723787397,24136
0.798917568692756,53262
1.3336820083682008,5517
2.2161122703653695,172916
1.283183500793231,42241
1.921003090256811,191450
1.4409603135717786,9845
1.3126204238921002,59616
1.1363172226004083,57307
2.9130744204961365,81168
2.4860565998760586,34376
1.7273659912798154,21340
1.0103199174406605,23172
3.12529601722282,45075
0.52796843884513,1054835
3.9274447949526814,15126
1.7210321324245375,27418
1.874721327718603,95776
1.005125086865879,94005
1.0885322288376909,223483
0.5817111074758711,20000
2.1183259501049196,187136
0.31085356568818207,141796
1.7408323032550475,12821
0.9558840922531047,39864
1.9058991855602025,59090
1.8083806198166739,13335
1.4302624806999484,39284
0.8590084702321381,177220
1.813728129205922,20334
3.759828667584519,143416
1.2302774427020506,44939
1.10431517657942,133235
1.8825496194067013,91393
2.206788837984173,139933
2.91155549590659,66421
1.407686439061606,63124
0.8534139304849567,35244
3.1090182648401825,60791
3.654682454251884,46097
3.1587792417316485,72113
1.6271729185727355,14346
1.6013803680981595,33482
1.373049645390071,4141
1.9460515109688408,226606
0.6002629848783695,44244
0.648919233257249,1046791
0.4952009598080384,19907
0.7335243553008596,12195
0.9690389163620726,53922
1.271375464684015,124150
3.579896907216495,68740
0.8915860091155835,81661
4.399681528662421,37532
2.0015718327569947,17678
4.185185185185185,2305
1.976205385097057,10926
1.1009501187648456,6739
8.482758620689655,934
3.3814713896457764,6579
6.365638766519824,3241
7.4491525423728815,2198
2.9911642890013805,94487
1.269949825828513,175249
2.8487394957983194,3827
3.0054446460980038,5064
3.539094650205761,2413
4.924157303370786,4366
2.231638418079096,2358
7.776744186046511,3346
3.5751445086705202,3303
8.01010101010101,1817
1.5076653121536756,71083
5.871657754010696,2377
2.8422818791946307,2277
6.142857142857143,2629
6.17877094972067,2414
2.95,4111
7.741071428571429,1941
4.20042194092827,5963
4.6995708154506435,2656
5.260057471264368,12621
3.5766355140186916,9729
6.0308441558441555,8694
3.6785830354241145,30809
2.106523534269199,10242
1.912313432835821,2960
6.949579831932773,1870
3.236417033773862,7069
3.3248259860788862,4267
2.13687707641196,11547
1.4461722488038278,5404
4.89,2550
2.305717054263566,16353
0.5770147830233667,14659
1.56998556998557,3890
6.851063829787234,1322
0.33773087071240104,4469
8.595238095238095,763
5.569054441260745,31199
1.4875346260387812,1962
2.6996779388083736,21128
2.40327868852459,2263
1.8264729620661824,8030
2.565180102915952,10904
3.2114986187845305,70210
4.279236276849642,4098
5.826364692218351,34337
2.8132640586797066,31684
7.131233595800525,6329
14.8125,469
19.72222222222222,798
9.1,484
5.553140096618358,5332
3.72507869884575,11194
7.640625,1982
9.019607843137255,2960
3.0754797441364605,49383
2.543103448275862,6546
4.446376811594203,8052
2.4235770008668016,25767
6.176573426573427,8671
9.47953216374269,3937
8.274447949526813,5832
5.1424501424501425,10051
5.048936170212766,6163
2.5332555425904317,10414
4.34691011235955,9016
7.269291338582677,10807
1.3870523415977962,20465
3.259872611464968,8979
2.804820415879017,23640
6.741666666666666,1873
3.670863309352518,5762
2.1873736239047403,36757
0.9709525031604361,554995
9.247191011235955,1831
3.442622950819672,5720
5.38,3014
6.869565217391305,2621
6.2993421052631575,4787
2.1614334470989762,21799
5.6797385620915035,1930
6.768595041322314,2011
4.8,1971
18.35,641
4.338095238095238,2399
2.302018886356236,61705
4.310423825887743,9186
5.945205479452055,3473
15.7,897
7.69620253164557,2825
8.189655172413794,10250
8.875,708
4.198529411764706,6429
2.8724428399518653,7177
2.407142857142857,5171
4.58,6552
5.7196428571428575,8018
11.743589743589743,791
5.8017621145374445,3679
4.448951048951049,8571
0.9987279665636926,309637
4.166782487838777,35550
12.5,772
6.729166666666667,591
3.9496808111152837,35015
18.357142857142858,493
4.848585690515807,7828
6.340425531914893,4787
4.489285714285714,3576
2.7032679738562093,6971
4.910919540229885,4265
2.3961328705999008,16081
3.4767025089605736,2652
7.5125,2898
6.711033274956217,9266
7.989528795811518,7159
4.159264931087289,32861
4.912408759124087,5203
6.601880877742946,10722
3.363408521303258,8060
9.814285714285715,1390
1.7478527607361962,14331
1.611644527866012,179023
2.9836588282184136,21038
3.1583624246271027,36422
2.8979266347687402,17284
7.664335664335664,5234
3.3816568047337277,3054
7.818181818181818,1242
5.211031175059952,5944
4.06734693877551,5101
11.466666666666667,716
1.1119648737650933,7127
5.252225519287834,4184
2.829623944742901,20603
3.2306763285024154,9365
4.313725490196078,3603
6.080645161290323,776
3.967823878069433,13794
1.428941333136051,60779
1.1268961268961268,47289
0.7648658448150834,75774
1.2124123208295212,32039
0.6667835847071203,88888
1.0042574983180874,407761
0.9372108065077864,148582
1.1306723004225316,303251
0.8331518312603886,127428
1.0573947110675808,43004
0.8790204141577325,270991
0.7800201671676599,939151
0.7340186967635958,449284
0.4988235294117647,510150
1.515999140985719,94430
0.89528563505269,153797
0.26861763140011513,796914
1.0089518498982744,292330
0.3041405520736098,677983
1.3392020002083551,124676
0.4545832844293168,371023
0.6609435552833153,837073
1.2170439904288606,625846
1.095589713117261,498423
2.078355427943063,592497
0.6348394430235862,507945
1.381608023117457,63436
0.7710015625186369,333751
1.9263218962373612,142522
0.4647621929414354,555630
1.7299158377964805,106617
0.6612707805015497,676953
3.4107981220657275,3508
2.327124773960217,65282
0.8543402311206665,27487
1.212936732766761,12253
2.723342939481268,50280
3.2135416666666665,1793
0.6684335295527795,214207
2.6206070287539935,57621
0.8433986508191456,28280
0.6143451143451143,4376
1.9935897435897436,665
1.1615384615384616,4302
3.1741036884188807,69749
2.5285530270502363,19429
0.6116112437993754,18147
1.0885758998435056,24450
0.371752013371828,74923
0.4318330071754729,4504
1.9486159456323553,65410
2.173228346456693,8365
0.37581288021816656,40040
2.6747404844290656,19082
0.9395365809158912,142025
2.1736316856385467,115079
0.3175610429024693,27760
0.28421010489230525,148651
1.87375,11191
0.7914503816793893,17027
0.2564928909952607,33065
2.0875706214689265,15302
3.8176100628930816,4183
1.2187789084181313,75626
1.3657648283038502,54742
3.5420814479638008,24198
0.7968000438828329,2155664
2.059150597421034,48020
3.982941176470588,52168
5.061538461538461,790
9.77027027027027,1917
3.261904761904762,16842
4.535980148883374,5702
5.863157894736842,5055
2.604132769280833,53179
1.8508634222919937,4449
2.61432777232581,43423
3.2627906976744185,6560
2.148936170212766,4051
0.9742043861818781,453616
3.8514851485148514,9682
0.5914677365429623,308846
2.618376928236083,47077
0.10811455922211788,1455720
1.0813643076224015,195334
2.1415624641505104,77677
1.3271594820521226,77861
1.7023320409698512,129504
1.535016943682427,86322
1.8549554097257277,48579
0.9802915365164361,81073
0.9720338337270441,60989
1.1543380140421264,48070
1.890472103004292,45523
1.0226641347540177,294473
0.9049904980084867,921046
1.0761834319526626,38102
1.1717047721344176,50409
2.1979328165374676,53828
2.301468471062482,58482
1.8125588697017267,47508
2.386968085106383,4542
2.1489916312251336,62613
1.6231589226137195,114006
0.22459442836833668,2629150
2.4455445544554455,26865
1.8334605840809315,64257
1.4126848691695109,71329
0.74036986608297,747727
1.7747022311692668,49276
0.8963738831078398,1361500
0.11433011110011815,1643734
1.496685721235709,211758
1.5769618524179647,231190
0.7605985522032745,466194
1.2031334947857462,109828
1.1442327521931563,379210
2.676681303443494,41346
1.6568464198795951,118987
1.3229940764674206,60097
1.4537234348902839,98900
0.2926768471595242,2333054
1.0630513665568095,160070
1.4151951569692574,476015
0.9006209222428846,326780
1.0975808877239719,227053
0.8833171363783608,154553
2.16388668255229,31317
1.8757696486780153,18099
1.2983574879227053,34777
1.2586124565113581,110038
2.2372715113687027,96940
1.1857715930139772,1492583
1.3316944368569608,74801
1.8283712784588442,48760
0.37749951085893174,104871
0.8238440389902525,179225
1.2567306000351928,64567
1.550133527555232,61800
1.7720956535789303,90798
0.49514796271421013,974542
3.3149232914923292,40791
1.6091954022988506,24923
3.6829481029219364,27907
2.329925868123293,103742
3.0339282558755962,53652
1.4979264037917188,98231
0.6954732510288066,66186
4.739869281045752,45894
2.3958622283865,68673
3.3388758782201404,43759
1.8419929453262787,377537
2.9023687580025608,27669
2.7437611408199643,38747
1.513765110738551,134786
2.5275904353157572,203022
3.415166117169668,41902
2.5328770471767292,103685
2.656345957011259,36602
2.936033643204958,42083
0.4685056800720882,1249352
4.481911262798635,51778
2.173040514956456,38158
1.4061236863379143,196463
1.2299898037216417,75107
1.787287784679089,152597
2.905314371257485,28676
0.5724712094558595,1264518
2.243604748369838,42514
3.7312792511700468,30015
1.7230993300320419,94060
1.6952503300860007,164765
2.604759682687821,39063
0.8187988650541701,809099
2.5243656439112434,75872
2.97595818815331,31474
3.019242333132892,15307
2.475880758807588,27629
3.7849243306169966,43029
2.230541341233504,28340
4.8573046432616085,43936
2.25,58439
3.0611075747931253,32505
2.1794790678055467,66704
2.3323281819324038,60814
1.3899813565340908,228614
2.6631625054752517,60872
1.8720030349013657,172198
3.435309675997355,45165
1.0059730903045045,306365
0.690200534634837,432488
2.4279279279279278,43419
0.9398448067202961,230008
2.1377129581827568,65096
1.7038502944715344,177221
3.1845155308298563,23125
5.157421289355322,40909
2.8297225685785534,104679
2.9028536733454766,14210
1.026389372859316,531239
2.521917007597896,14804
3.158717326866074,35036
2.1588870583928244,86068
3.697751873438801,14294
1.5227384464110127,40636
3.0749516441005804,18865
2.450392927308448,35927
2.6058498023715413,57565
2.227417949462678,28160
1.2388519848711184,161921
3.556789266712931,41247
5.116214335421016,34056
2.2909335210186192,121107
1.8004038364462394,77000
1.6485153601150724,59330
2.233005316140708,76088
2.011745198286583,55353
4.380400675838764,48623
1.4470344392544419,373612
0.8430519850371762,540300
1.1429385236173748,201825
2.194619588062211,92420
2.3374501992031873,55457
3.8725159355080616,28362
2.8521021021021022,12921
2.2989163336965732,227063
2.5380691238362454,60610
2.1555555555555554,116470
2.7305808257522743,37017
1.2002269288956127,130219
2.9573268921095006,22118
3.4592430858806407,22098
8.939814814814815,5827
5.1169811320754715,13810
11.289772727272727,5382
6.562630480167015,22519
4.056258790436005,9643
3.741138560687433,45573
2.677005789909016,29557
3.426110063432196,136532
3.436031984007996,48556
1.8317140238313474,48700
3.949248120300752,14885
13.742857142857142,2162
1.6104408352668214,278655
4.603406326034063,5651
1.6743596468222748,122136
4.84433962264151,5941
3.4259407526020818,14625
3.6919780596503258,71312
3.719314938154139,29293
3.5680580762250456,41598
8.846846846846846,4819
10.387096774193548,4080
3.6433614210885903,62603
4.45086393088553,27838
4.459257349149046,54655
6.365853658536586,4465
4.588235294117647,5998
3.1875,2704
9.977099236641221,3717
4.191609977324263,12747
3.5244536940686784,13566
4.052274270196877,25497
5.219178082191781,6230
3.9398976982097187,11087
3.2587038028923407,44943
6.578544061302682,15638
3.3851174934725847,9077
3.882057716436637,10414
4.112788906009245,49873
4.472967395790342,35129
3.211370606275065,46588
3.9727891156462585,9997
9.483870967741936,7772
3.837442922374429,16191
3.374233128834356,40920
4.545800207397166,38682
4.803779877709839,32822
2.5923656927426957,19815
3.842541436464088,13918
1.8859329903375581,69477
4.114317425083241,11384
4.475741239892184,10419
2.9597030752916225,12167
1.25535012115994,782970
2.0383649234985155,39213
2.2454854282138386,47806
2.9516253869969042,31691
3.5167785234899327,16485
1.8945930563460445,81131
3.439524838012959,44173
2.868153041563446,38330
2.968526228143214,72290
4.787433155080214,11057
10.23841059602649,3640
3.912982900569981,91766
2.7150459603289794,25207
3.5570075138843515,41294
4.593385214007782,44090
5.39766081871345,21098
2.958904109589041,7465
1.6424831456828992,642940
3.4222917597973477,77679
3.1325539924707746,52087
6.549319727891157,11447
5.652591170825336,9201
7.2663605051664755,20814
3.458731049971926,16059
0.45830255706798917,89385
0.8766451927661415,408062
0.8758287448027868,38632
1.3020383572647856,50785
1.7092225977788509,63761
3.237360092628329,22570
1.6828121326122736,22713
1.0856496444731738,181307
2.455690735008279,108457
2.8597285067873304,1854
4.353825136612022,7158
4.258064516129032,7292
0.506840698222991,23232
1.2188978185993111,216527
1.845435684647303,23080
2.010285109279286,85904
2.848870056497175,66443
4.778662420382165,7837
0.6589052409524663,369519
0.8049593495934959,47806
1.87230751604033,122849
3.22684139177587,30439
1.1133741778169375,336316
2.687250996015936,11274
0.23202970333463352,799766
1.1646655231560892,81823
3.594059405940594,1710
1.1376951412032976,26143
2.2468523975354944,76456
2.601055572803477,26087
2.5752051048313582,6946
1.2345705653862753,26115
0.5507480880581637,582779
3.810457516339869,1344
1.2121813791253018,105035
2.219862186545429,102180
0.7093001154215919,1225365
3.310848299021755,66486
1.5245988420181968,167429
5.384721837807916,48325
1.23846266413016,414812
2.8430459023905903,124650
2.8671563148650807,60770
0.988014059965875,626399
2.287694715659238,186847
2.2760984380267444,134732
3.1876332622601278,4677
2.098687899517775,63594
0.9601696074408426,161464
0.824478557365823,516312
2.9476033834586466,38513
3.105064935064935,80596
2.14008382969336,39233
2.0450482239473065,66420
2.3408712677435144,86257
1.482521114674134,248506
0.9429589185994058,273707
0.6298967304884464,563402
2.6681330767115754,30480
1.042831083546151,276207
1.9290923370357904,132733
2.68370607028754,7321
2.8607551091098027,153851
6.278761061946903,14640
2.50036083714217,37197
3.202362380209494,45634
2.173003139169864,86364
4.22839685772476,44073
4.549171270718232,24863
0.9323357819859284,211321
1.5227166744387448,538500
1.8174836718581784,87294
2.1726763717805153,138863
0.9117620351031951,363147
1.506355191044428,316383
2.7444685130744237,115248
2.935034192530247,41883
1.7034768305824968,112913
3.9433062026382264,46342
0.9929846539304729,166098
0.6404886422929703,821725
1.8498772360575237,18343
1.082625576316428,302294
2.658754355400697,92541
3.372138228941685,45820
0.18806440908977382,1567872
1.7340759165134638,55562
4.805384615384615,16885
2.62718249222674,143573
2.9341017288900026,40468
3.7120944753631058,75061
3.066137566137566,6137
2.6248766041461007,40862
3.5496979681493683,41467
1.727761485826002,45565
2.5902530140940736,52582
2.492129246064623,40025
1.7116099430828202,207981
2.386527039699906,50710
1.9565590024535342,355458
2.343968653792331,27521
1.882496885566827,443744
0.6131296449215524,49067
1.0148741418764302,164614
0.6602733686067019,82784
0.6378736837644865,633673
0.8079138193429023,126288
1.816271551724138,24872
1.808424447416031,167458
0.2894930198383541,9045
2.666777566539924,196569
0.5653628409675759,14434
1.1121729237770193,21483
1.3519288636440476,183149
1.450314836678473,210898
1.0605211543849817,14796
0.8448589524750696,396484
2.4905567416652983,56646
1.1048313582497722,32181
1.344,46013
0.9490504256712509,33951
1.1926207983193278,37923
1.0798355690177412,67234
0.9665637860082305,30858
1.4548937942523947,153773
1.5234914272990425,26358
0.580161476355248,22653
1.1076980848666917,138742
1.309808070122412,61399
1.712550110447517,498766
1.5876046271042978,70133
0.674607786170831,19922
2.281968909095859,322342
0.7831557324431891,28465
1.6966870688817643,64097
1.7202216066481995,89594
1.8959864330130016,66777
0.5394584139264991,17635
2.2726005178840736,286196
0.6376437455996246,31726
0.7181174089068826,26945
1.0693828156514724,9643
1.6115582743077914,38079
3.019927309186615,76355
0.45353796938076013,87903
3.495303573157742,122863
0.48664680215127165,409549
1.9668921324314703,20197
1.907867027677497,301463
0.7797619047619048,107396
1.4931246033425005,27673
0.4887928435018595,31955
1.6067184089255397,258526
2.864705882352941,2736
2.330020920502092,18101
1.616504854368932,3460
2.9900568181818183,6984
1.3830703012912482,34135
1.7632061628760087,39128
2.7408056042031523,5238
0.5777027027027027,2043
4.841269841269841,10205
6.704761904761905,1378
2.5475935828877003,9396
2.8618090452261304,3656
0.8086656441717791,14086
2.446124763705104,28063
1.0990654205607477,4132
2.9375,8596
2.1898089171974524,19903
1.6704312114989732,5571
2.3964912280701753,4231
0.8151071025930101,5742
6.252336448598131,2932
3.7710526315789474,3952
3.0584652862362973,6849
4.205882352941177,2354
2.454639175257732,7148
4.092071611253197,4171
12.155844155844155,1892
3.6954954954954955,6028
4.164670658682635,3319
3.5306603773584904,3374
18.263157894736842,1278
2.1126990608411598,17600
3.63728323699422,7368
4.344,1352
2.235294117647059,3326
2.4545454545454546,2004
6.521739130434782,927
2.3897581792318636,5001
1.7450302506482283,12909
2.208283671036949,25281
1.9191431401684003,54469
2.6476964769647697,3894
1.4005305039787799,4801
2.879614767255217,5625
4.645833333333333,2438
3.7971210076473234,27693
1.6890756302521008,2102
2.512455516014235,2281
1.3735053903952956,187318
1.6593090211132437,6505
0.09624600638977636,14415
2.1176637771777744,109372
7.090425531914893,2983
4.972093023255814,2299
1.391812865497076,10255
3.3983402489626555,2396
2.0174102285092492,6420
3.4893617021276597,2993
4.956204379562044,1421
0.32358803986710966,10155
4.478354978354979,5492
3.056191467221644,8317
2.37449483610238,14934
4.1487964989059085,5610
1.7128142986973645,22616
1.0454545454545454,2801
2.1310765815760266,75936
3.385047281323877,47484
3.198778833107191,16014
4.041294642857143,14675
3.0935043442283825,128670
4.20947666195191,104490
4.3861209964412815,39714
3.5577264653641207,14027
3.328024106758502,28092
4.893426006371271,56502
2.913335052875935,39880
4.24279379157428,17453
4.690879300928454,31757
3.026874115983027,7752
4.944949494949495,35219
3.03923222948745,54682
3.054531490015361,14411
3.9234909650134564,58655
0.5682177904400126,684410
4.004474272930649,11769
3.29757343550447,19361
2.8005510809665113,52170
3.6145648312611014,37708
2.224381926683717,39590
5.483636363636363,18033
2.6363220494053063,41700
2.6220742150333014,49401
2.732075471698113,29307
5.734835355285962,23072
4.402279743528853,68615
3.6332665330661325,13389
3.886871165644172,63785
1.4234708650018095,357738
5.720496894409938,6577
1.17680881648299,25435
4.939580764488286,25679
4.743289548829241,56563
0.812634989200864,17853
4.520044543429844,27822
3.0980071871937276,32310
3.11848601206802,24295
2.520231213872832,8134
2.505338078291815,18347
2.8600531443755535,11566
4.229226361031519,53535
5.465587044534413,17754
1.6818695216429902,456132
2.3518197573656847,7560
1.3358862144420132,26773
4.402339595887983,43081
4.021348314606741,11904
4.068627450980392,33645
3.577705451586656,51454
5.84500466853408,23450
1.3810726778080062,97663
2.71474019088017,28446
2.867626404494382,31915
2.371932974266906,89981
4.183917878528657,52850
4.244179750947483,25935
3.8983644859813085,12005
4.196293969849246,45970
1.4903624458175782,195734
4.6875,6323
5.155745489078822,21554
3.9278350515463916,30578
3.1163149768399383,22051
3.629815745393635,7964
3.7667910447761193,5142
4.071086261980831,16772
2.7721629910909886,75931
4.4541709577754895,32442
3.282226360438651,52874
2.923274042809768,69165
1.7590302236055368,308251
6.471092077087794,21947
4.21883920076118,14897
4.546321309391387,96673
0.5562717770034843,934603
3.249407582938389,19447
3.1620294599018,13182
3.826784214945424,156667
2.7601498374924254,180063
2.9231700986329816,61303
2.2258748674443267,8271
4.496825396825397,17719
4.974257425742574,19140
3.3766233766233764,5689
2.6973125884016973,40516
2.628547258325002,127440
7.02092050209205,16713
3.2494584837545126,33507
4.1568946796959825,26653
2.19927723283428,219107
2.737809974923377,132781
3.9204883859440143,57734
4.694976076555024,17760
2.8742371981958077,87791
3.144833197721725,25721
9.606598984771574,8703
13.2,1876
1.8550161812297734,48797
4.155670547649849,29758
3.3828715365239295,7181
4.7271147161066045,21776
1.5456181904310753,82733
6.633507853403142,3697
1.3775776938716235,32750
1.3768347160178684,340411
0.752405299648173,1928680
3.3858520900321545,11392
10.64516129032258,633
4.95301487862177,18097
2.8210848148567544,93860
1.6866627974463146,354195
1.6779653660865415,220417
1.1091492776886036,9200
6.868131868131868,1474
0.3164687661331957,7214
7.409006785934609,38271
3.5653923541247483,17760
3.8560105680317043,46243
1.3973836585888912,41161
2.189801699716714,21965
8.55281690140845,13820
0.49616480385711154,422135
2.5404761904761903,12867
10.51004016064257,6057
4.080888888888889,30375
2.6863117870722433,7669
4.517863218781899,39899
3.720715522215811,51668
7.122529644268774,7052
8.164179104477611,10193
3.5736842105263156,2882
9.035714285714286,3264
8.209302325581396,8420
1.4330613500003575,939585
6.779310344827586,3016
3.1982802225594336,21019
3.1763377100098826,134788
5.456852791878172,13484
5.97972972972973,4279
5.617910447761194,39266
2.4148704765671347,74686
5.785714285714286,1402
3.5016722408026757,4830
2.6344086021505375,3675
2.5213675213675213,5992
0.6167400881057269,2198
5.666666666666667,7056
0.5707047042029444,2574984
3.15688622754491,13111
2.4565400843881857,18830
4.59,5215
1.5379545454545454,806180
4.745908699397072,20865
5.8984375,2184
0.44822825586746434,10794
6.447368421052632,3405
0.4728710025152713,11428
7.742268041237113,18274
2.442640586797066,157462
2.4536423841059603,1911
2.7663764894733593,168499
0.37500773148052696,837918
5.189902732746642,41659
2.043995243757432,17273
4.491756947715497,34031
4.065820404325341,25149
3.138957816377171,3854
3.386206896551724,5917
3.3893805309734515,1183
0.8716266964119724,741237
5.38796992481203,10607
4.103353867214237,19624
0.8793718772305497,18956
6.544388609715243,20478
1.6167285673472078,329431
5.459821428571429,6442
4.569116360454943,26521
16.264705882352942,1314
2.6906474820143886,7517
2.9227823867262286,20876
9.291845493562231,22725
3.432658622031919,128235
2.4686397659812442,123745
3.220145852324521,27671
1.9933908673803802,155265
3.036842105263158,34263
5.432926829268292,3138
6.379958246346555,8304
10.116959064327485,5538
4.847389558232932,3906
7.052896725440806,56322
0.7713833971953555,4589928
2.6244039270687236,66534
10.040697674418604,5747
4.468152866242038,5681
1.0185101307485582,204470
8.066298342541437,4129
4.173127987254381,79901
0.40936844676138423,849843
3.9743589743589745,35077
4.608591885441528,23275
5.340414896275931,56857
4.267942583732057,36400
3.1370070778564205,22754
3.7528280542986425,36708
1.5524691358024691,4053
3.7876527535311855,92073
8.242388758782202,21511
7.333333333333333,1557
9.468152866242038,8744
4.719026548672566,14869
4.096824167312161,35648
1.6445497630331753,2200
1.0099990566927648,254679
0.26299694189602446,5146
0.809061004784689,41149
4.042456268221574,163274
5.149732620320855,20009
2.5865384615384617,15254
2.877447637603507,118350
4.3113129644921555,42540
0.8484848484848485,404
6.101694915254237,769
3.785209003215434,51504
8.237864077669903,4423
29.8,289
2.0481400437636763,3590
0.925949501379164,31690
4.364372469635628,3806
4.064263760827047,49791
3.948051948051948,13275
4.30764029749831,20760
0.7733333333333333,7613
6.272649572649573,19809
3.641399416909621,17055
7.030803080308031,17299
3.8870336013193154,81704
3.287757437070938,23468
8.585185185185185,3487
4.668470906630582,12056
4.538630136986302,20362
14.25,113
2.3453283731578196,303137
3.836228287841191,5711
3.801362088535755,13987
2.5674740484429064,10147
5.462406015037594,5723
4.691218130311615,4111
2.4268692284778077,37187
0.27084735981533137,57685
5.304166666666666,8172
1.7838127634400651,247934
11.35,804
2.6068339100346023,49283
4.450980392156863,2123
3.692184529170419,162565
3.1047992164544564,24871
8.053719008264462,4907
5.042492917847025,8720
8.503954802259887,19414
3.2832284015389996,556203
3.625912408759124,22120
2.416140350877193,12593
14.275,1160
2.162269129287599,65806
2.9974987493746874,48523
3.0276073619631902,14003
3.4509232264334306,14993
1.0326259622825955,361350
9.591240875912408,10306
10.897435897435898,2076
4.441042687193842,84964
4.8364705882352945,28053
4.602179836512262,23492
5.574858926641854,129441
2.2535377358490565,9776
1.5880077369439072,15970
3.7325565070897095,47916
2.5589238845144355,120832
0.44718792866941015,6958
6.331179321486268,11314
5.201318944844124,132501
4.245508982035928,3608
5.2748091603053435,3389
3.418118466898955,12207
0.8541289933694997,14921
1.769825918762089,7321
26.2,916
2.117566954153427,16751
2.9477836603342675,93978
7.170353982300885,10448
3.7293519695044473,52732
6.501628664495114,10303
2.88864388092613,8320
3.9577187807276304,27707
1.66185303514377,67655
6.911262798634812,5944
3.9186602870813396,3056
6.006821282401091,17333
13.37864077669903,3315
4.081388730791121,25579
8.40625,3068
2.649629428778019,225290
5.937037037037037,8775
0.2398875189271036,64122
8.71551724137931,9906
7.8428571428571425,1367
4.111111111111111,1426
3.4345047923322682,3869
3.616883116883117,7466
1.2002840267915735,2016872
3.30168209415746,136535
2.05,812
3.0542452830188678,12799
8.511904761904763,1533
2.523640661938534,32592
3.0027421300866513,118386
0.4135737009544008,1199323
4.104852686308492,14442
5.31053901850362,21320
5.55004205214466,40969
3.3838028169014085,3673
1.249805850375356,27285
0.846242774566474,48881
6.603151862464183,54355
2.4033698970937465,92467
2.116351684470008,71484
1.8323467966573816,50115
3.2576923076923077,11600
3.2369121561668144,35056
0.3060737168120671,271193
2.3947616800377536,41735
10.757731958762887,5546
3.15459323583181,131838
3.9231722428748452,12892
0.4511124121779859,21810
1.2347362673883113,528718
2.9208768267223384,48480
3.3404761904761906,7893
6.053634232121922,64455
5.975990853658536,44227
4.21830985915493,8488
7.54524627720504,18152
0.5,14349
0.2628180782377516,12023
6.962121212121212,6463
5.691289966923925,53139
2.4821774794929157,122753
3.0554245283018866,20399
4.302631578947368,1095
2.081284606866002,342281
11.01,20337
8.976253298153035,10216
4.480113636363637,4986
1.0010351966873705,9579
4.764733840304182,49937
6.327981651376147,11010
3.0419485791610286,7334
8.955916473317865,12694
5.5174825174825175,11437
17.322580645161292,1466
7.5576923076923075,2319
0.7614818737849656,1121354
1.3194792188282423,16895
6.272904483430799,29409
9.591381872213967,21267
0.6984684421032095,40307
2.4141967621419678,64833
9.8562874251497,36373
3.6516945359860045,592299
1.9964087495919034,30528
4.1287696963372635,160245
3.5387453874538743,2702
1.7328615856131968,247560
1.273860768888229,32947
0.5775895726341712,106878
0.23170070169912682,155810
2.25080831408776,15595
2.187906976744186,12913
1.9340152426795025,31633
2.824518042511122,15475
0.21936459909228442,230050
3.225456339417859,74997
2.5671641791044775,4476
3.1416829343470667,77960
5.677704194260485,6513
2.976179875333927,33231
2.665938864628821,16960
0.6807511737089202,16243
4.237071470075538,22178
1.26886189258312,17048
2.0663780663780664,6452
2.947097165378202,54952
1.111750972762646,30178
4.1662104028158,29531
0.6154188948306596,7071
1.6158848118903855,12129
0.16518331933949063,46912
1.027286219888115,237940
1.0487079130295212,339009
1.5283885789300953,14374
2.400084495141529,17772
1.4759299781181618,5518
3.9537892791127542,5158
1.7227530991735538,50083
1.3252952755905512,9652
0.6611166410279613,41898
3.69438202247191,14968
1.2917606244579358,28144
0.5173089483997387,5305
1.0456513183785912,11123
0.445257204113009,1138652
0.5018334917832405,24164
0.22771084337349398,14014
1.7060185185185186,69069
2.2995652173913044,15731
1.2203095113893236,26271
2.558588365039978,56069
0.564785373608903,8306
2.186996644295302,84421
0.5576980568011958,28297
2.3573529411764707,6775
3.0425859415084657,16857
2.423967401370624,37214
1.7145782145782147,22668
3.9751243781094527,15107
2.0331850838179952,19371
0.6790461297888976,11706
1.4075471698113207,34992
0.4338776504996344,135410
2.0450413223140496,104392
0.617029702970297,53078
0.6374405811034557,326501
1.8547383827296011,51445
2.582210242587601,2216
0.8227445997458704,22735
1.5601459663756028,36596
1.1148708815672306,74404
1.4190213645761545,7159
1.8335832083958021,25984
2.1667877906976742,16334
1.2299091544374563,10972
4.635525507068223,24179
0.5059445178335535,7045
0.696964237456085,385945
1.6924935567010309,35236
1.440251572327044,12273
1.2158652870764861,80212
2.0063578564940965,13078
0.7068493150684931,41483
0.5382224984462399,15915
0.6086094590767488,13445
2.2488803582853487,8782
1.2605387307867904,30892
1.7408637873754154,10778
0.9720209842618036,98602
1.1286374762034268,14869
2.289703808180536,21147
0.5768714784008586,181825
0.38645511287405937,245115
0.8251920122887865,12139
1.7982332155477032,12222
2.6657963446475197,3864
1.312124425592082,15595
1.765071368597817,35533
3.1121718377088308,23654
3.6504524886877827,17923
0.12061640982923781,31882
2.364545948885264,61687
3.182614133833646,12017
0.44877380366804864,95252
2.927039684495933,28443
0.8930283224400871,23142
1.4265461909954822,37845
0.6506564933267543,455210
2.4733812949640286,34203
0.9021553198768388,17483
1.4543365881677197,7388
1.6429101707498144,8774
0.19096998928188638,223170
1.8381485673437779,94031
0.6855958637781481,99660
1.9027381631488876,22392
2.6993910906954386,79744
4.087628865979381,27370
1.7153371320037987,25549
5.219759341355288,21930
2.6718542417916114,43175
3.6629086809470124,31062
1.400556328233658,18057
1.4303007767311189,132010
1.213816851393522,144361
0.9624695064740101,24363
0.7476968538154006,89273
0.8627356210729821,6544
0.7150313152400835,11504
5.236614853195164,42150
1.0996169081622016,452602
2.2772507260406583,39155
3.4803532804614274,54214
1.2753854332801702,21887
1.1633091592801503,17592
0.36949413348720905,15214
0.9273396628560356,27516
4.459620394491998,39228
3.6325497287522603,29016
1.4491492801601356,67976
0.47222965142194884,36959
0.6211342908061641,36191
0.8584949573312646,30333
0.33597120981216605,161531
1.477919528949951,6176
0.9359426799272805,48915
0.710124164278892,6919
0.4930258251622704,25333
0.6643180005317735,28919
0.995560702567072,26863
0.9150341184239489,59310
0.4298698504894052,58504
0.3808926080892608,43145
0.4904240766073871,55496
2.4508050089445437,19238
1.8319435535599744,22306
1.8112263139077582,193686
1.3992571959145774,76338
1.0350402533984426,74570
0.9988202476377388,467018
2.8508604206500956,3938
1.348839816164107,105160
2.002222222222222,41327
1.996333638863428,7614
1.4489092996555684,90160
3.0471014492753623,2247
2.3792481977342947,93546
1.1661979258217612,71628
0.879273812963498,82636
0.47674418604651164,31139
0.3009682735574428,2149970
0.772147091362428,264811
1.3692628650904033,44866
1.4255487966146523,21301
2.2488944168048643,77066
3.3077544426494345,10350
1.1404144204851752,62198
1.5841708542713568,41554
1.1611920817924735,21249
2.25879917184265,13123
0.8486644292790039,861312
0.37586842478377996,16339
0.9330418775885873,123681
1.3185319438151337,11510
0.6932887944123899,787620
1.1992839819840628,499072
2.5434682612695494,44439
0.710897485195724,275222
1.6116504854368932,4139
1.4271523178807948,60340
0.6775361098952897,216800
0.9893135301575802,48851
1.3900084257828957,249636
1.5828042328042329,20069
0.8288201160541586,15714
1.7250348940489786,45412
0.8328285887341006,14891
1.2592675887402076,260401
1.5997629395495852,13099
1.835820895522388,15213
1.5927963462736143,49553
1.508378947368421,63649
2.046153846153846,34557
1.0469500924214419,56927
1.1220081727962639,16321
0.32766912177135343,531273
1.9074312714776633,88068
1.069524046847745,27587
0.8514371363075295,43509
1.272797783933518,44704
0.85442411352719,102965
2.8483483483483485,4456
1.785061238571675,102144
1.7605811749842073,9064
1.2289240569324176,52214
0.953075320688521,37075
2.3,18719
0.721097615834458,23654
1.6417910447761195,5726
1.2842187908924365,20562
1.4136723232079231,84625
1.753170731707317,26274
1.0071288789488397,168183
1.826110957769804,20405
0.8142707240293809,118122
1.2095498783454988,16753
1.9742331288343558,19221
1.5642458100558658,27902
1.595413033028909,79536
1.4734098806466234,135603
2.0815313150728816,40491
1.6780626780626782,15067
0.26819541375872386,4533
0.43632217477663277,951448
1.6236696466581524,45623
2.2519537886510363,37430
1.4410712081944959,35601
1.3097382308924306,184526
1.5102890861308078,88314
1.6565055762081784,7307
1.3436754176610979,41238
1.831923890063425,43481
0.9344633988339451,70447
1.7079745413702734,13517
1.0967863360466759,195140
1.1241263628739167,17476
0.8003609924750864,161620
2.102257024412713,14127
1.006738361012796,63949
1.6250878425860857,16369
2.104029062087186,41062
1.429934617423573,115427
1.4930841335162324,88029
2.7477064220183487,20439
1.3055801594331267,29633
1.101243898598646,30814
1.7129377227930385,21435
1.542178980006415,102959
1.6460554371002132,15648
2.480531312937566,134296
1.7995075757575758,398424
1.928580031313983,51533
2.017096265123619,24162
1.1725319803529983,169886
1.5108206857785274,73107
3.717230008244023,16831
2.2959225197363065,113525
3.6360067302299495,22816
2.673764258555133,14471
2.5790506080816007,22977
1.7378383159384398,95987
4.43640350877193,7336
4.044169611307421,8859
6.519444444444445,8413
2.417098445595855,44323
3.5176908752327747,8249
8.505882352941176,11732
2.5378039006144806,35279
4.217005076142132,23301
2.7317523868186018,29590
3.6381104883907125,13889
2.434788273615635,68400
3.3833081570996977,29152
1.3897229858320999,56368
1.553117741647311,186241
3.9258982035928143,16309
3.6634146341463416,21232
4.738712776176753,33700
2.106843777071903,56538
3.30511402902557,31793
3.6718221362977284,26825
3.2288313505948216,19141
3.7027084666240135,60468
4.4363546310054485,27411
5.76996336996337,24647
1.2546677649643054,104622
3.9825528007346187,13370
3.6466836734693877,17632
3.9368478857770457,25311
2.0317314746881876,42516
3.2892561983471076,7051
3.7774193548387096,7591
2.6774891774891776,8501
3.8590576766856213,33758
3.017807745504841,56941
3.432096824897831,76601
2.7837738619676946,29006
6.889795918367347,9875
3.091803278688525,14208
2.903878583473862,12872
3.169925826028321,16859
3.4093333333333335,6926
5.875247524752475,8972
3.9540555870674985,24658
3.3224355128974206,40531
4.122743682310469,8646
3.309347181008902,15640
4.968668407310705,5806
3.022457067371202,85643
6.151743638077286,21763
1.1035133565621371,38256
6.846801346801347,12005
11.91691842900302,48803
3.4472243940578577,15618
8.263473053892216,14191
12.350553505535055,7464
2.658809523809524,40242
4.7813852813852815,13390
4.8475,4679
5.4498432601880875,8486
2.14690632561355,98136
6.134841628959276,19110
3.5787311729803744,81039
9.704347826086957,2480
4.384615384615385,29353
4.780250347705146,8680
3.508544087491456,30200
5.293478260869565,9769
3.7590473244664397,44165
0.5360317243265418,23191
5.119800332778702,20773
5.4718045112781954,8235
9.857142857142858,7236
